{"col0":{"0":-0.2905718848,"1":0.4973062277,"2":-2.5941294177,"3":0.7840420635,"4":-0.0178122428,"5":-1.3128944331,"6":-0.021733297,"7":-1.7167718098,"8":0.7875514635,"9":-0.6258077506,"10":-0.33296778,"11":0.4788483775,"12":1.5988077699,"13":0.5529576336,"14":1.466755657,"15":0.6807188367,"16":0.6501345266,"17":-1.0897113487,"18":-0.2241426577,"19":-0.5594057392,"20":-0.6404241646,"21":-1.6049306225,"22":1.5390051331,"23":2.0625062107,"24":-1.3952299838,"25":-0.1258143513,"26":-1.61538732,"27":-0.6960799282,"28":-0.7229000551,"29":-0.5941265708,"30":-0.5465821764,"31":-1.1192299078,"32":0.6328635406,"33":0.2842269254,"34":0.2399794685,"35":-0.8876983763,"36":-0.1911557945,"37":-0.3036899171,"38":0.9470905075,"39":-3.1511465066,"40":-0.4623927719,"41":0.2254213889,"42":-0.5141759563,"43":0.5869210386,"44":-1.4947460981,"45":0.3509421677,"46":-0.8321387784,"47":0.3563749436,"48":-1.9688133588,"49":0.1922405032,"50":-0.2841630301,"51":-1.0828464174,"52":-1.7678590269,"53":1.0916068456,"54":0.0434829894,"55":0.3846899347,"56":-0.5479256577,"57":-1.6499188146,"58":-1.2834165148,"59":-0.6726834359,"60":0.5468743462,"61":1.6253631645,"62":0.0081350743,"63":-0.7290675192,"64":1.1300052455,"65":-0.9859207265,"66":-0.5972979932,"67":-0.2051806293,"68":-0.3638540318,"69":-0.7059073841,"70":-0.0296718131,"71":1.0927565127,"72":0.5731377461,"73":-1.4237633592,"74":-1.5409694501,"75":0.0370159309,"76":0.8238088252,"77":0.9513289132,"78":-0.9484018617,"79":-1.4187723666,"80":-1.5492957128,"81":-1.5580654662,"82":-0.3744111286,"83":1.6115907484,"84":0.5424591904,"85":-0.168062098,"86":-0.2986593961,"87":-1.097969196,"88":0.2609758171,"89":-1.8477093147,"90":-0.0742007721,"91":-0.3550118195,"92":-0.0957449192,"93":-0.6964842082,"94":0.2252037036,"95":-1.0787078748,"96":0.4220041392,"97":-0.2298038917,"98":-0.7149585453,"99":1.0748665338},"col1":{"0":0.4040127011,"1":1.4325016773,"2":-0.3852300461,"3":-0.0703868511,"4":0.8775697365,"5":0.5064598325,"6":0.587235096,"7":0.4993831372,"8":0.9246017156,"9":0.7265012524,"10":-1.2114219092,"11":-1.2771621196,"12":-0.6234909139,"13":-0.3601732365,"14":1.3405563768,"15":-0.145743979,"16":-0.5562739511,"17":-0.241625892,"18":-0.0627151884,"19":0.9257328231,"20":0.6573571144,"21":-0.6954959122,"22":-0.6200101931,"23":-0.5694480733,"24":-0.7034515154,"25":1.1530986755,"26":1.6186703488,"27":-0.0689155005,"28":0.2314041987,"29":0.6439786983,"30":3.2106049691,"31":0.4452843066,"32":-0.2395085285,"33":-0.462681146,"34":-0.8502295343,"35":0.5887378742,"36":0.389260125,"37":-0.7592974514,"38":-0.7122435382,"39":-0.8020465438,"40":-0.2004508912,"41":0.1226874273,"42":-0.2433207016,"43":0.6367287935,"44":-0.172552396,"45":0.655198427,"46":1.0560362476,"47":-0.7793618387,"48":2.0669761616,"49":-0.9556347905,"50":0.5311309881,"51":-0.5226406559,"52":0.1995672395,"53":-1.1172667456,"54":-0.2248460513,"55":1.2266381138,"56":0.211643471,"57":2.6294497915,"58":-0.8241927666,"59":0.0189997944,"60":0.2086258765,"61":-0.5620188388,"62":2.4121943127,"63":0.8725895238,"64":-0.8717341746,"65":0.0437438782,"66":2.3249049903,"67":1.0989806367,"68":-1.5603650456,"69":0.2922302402,"70":0.8298121718,"71":-0.1692350032,"72":0.0118798614,"73":-0.6460584181,"74":-0.0664676837,"75":-1.2817824295,"76":-0.2724448472,"77":0.0734158083,"78":-0.1232287454,"79":0.021524802,"80":-2.1733382255,"81":0.1773095907,"82":-0.41287386,"83":1.2657625939,"84":-0.7625693199,"85":1.3231317523,"86":0.266224155,"87":-0.9376744201,"88":-0.2210272769,"89":0.0963505498,"90":0.3228975699,"91":-0.6086429935,"92":-0.0899304212,"93":0.4664664815,"94":0.9131475456,"95":0.6611140694,"96":2.0541743276,"97":-0.3325843187,"98":-1.0428213944,"99":0.9591771918},"col2":{"0":-0.9497853186,"1":2.293244809,"2":0.7547582981,"3":-0.9753996568,"4":-0.7042276416,"5":2.3831339515,"6":-1.010257237,"7":0.2810230397,"8":-2.4951166885,"9":0.2796999065,"10":0.5509950867,"11":-0.0423301769,"12":1.4750369534,"13":0.8299083018,"14":1.3386580432,"15":-1.5839046981,"16":-0.7609929414,"17":0.2982369505,"18":-0.5292025309,"19":0.1371207346,"20":-0.3645887865,"21":-0.0576313269,"22":-0.0542455732,"23":1.0544476558,"24":1.2680717276,"25":-1.8641553026,"26":-1.3756778861,"27":-1.5489070423,"28":-0.5806610405,"29":0.9670131491,"30":0.9512568332,"31":-0.0314167283,"32":0.7123357598,"33":1.5351016889,"34":0.1012096249,"35":0.5858057442,"36":0.921704506,"37":-0.9311941123,"38":-1.0255182343,"39":0.3904093581,"40":0.3852848352,"41":-0.7662597738,"42":0.2712221262,"43":1.0787803422,"44":-1.1784389628,"45":1.1615342524,"46":1.2064536987,"47":0.5603414665,"48":0.7769921264,"49":0.8200361256,"50":1.4558527001,"51":-0.5145542939,"52":0.3796168823,"53":-0.4936405125,"54":-1.1784169121,"55":-2.2506437362,"56":0.2519338449,"57":0.2153754141,"58":-0.7440120845,"59":-0.1211537096,"60":-0.3097121724,"61":-0.4726450206,"62":-0.2725242075,"63":-0.1846873904,"64":-1.2782886203,"65":-0.1632778776,"66":1.3381677997,"67":-0.1196576718,"68":-0.6826230397,"69":0.3733111721,"70":-0.1650287584,"71":-1.4243368837,"72":0.6802034801,"73":1.188114985,"74":-0.5527736706,"75":0.5404582932,"76":0.4839203219,"77":1.7563669892,"78":-0.1906351343,"79":-1.3013386985,"80":0.5762138947,"81":-0.0050982298,"82":-0.2137942618,"83":-0.2741832516,"84":-1.3466422457,"85":-1.1659926723,"86":0.7493772609,"87":1.1603819705,"88":1.5288067376,"89":-1.8994512707,"90":-1.3020745295,"91":0.6032569173,"92":-0.1353287824,"93":0.8483330711,"94":0.9986025773,"95":0.414391856,"96":0.9599556627,"97":1.9386145273,"98":-1.2675417237,"99":-0.3149651441},"col3":{"0":0.6360394667,"1":-0.442507071,"2":0.7236772238,"3":0.7149175376,"4":-0.6725713746,"5":-0.6184537739,"6":-0.3262367419,"7":1.2430749615,"8":0.3829544468,"9":0.983646318,"10":-1.1089446216,"11":0.128593338,"12":-1.6862848319,"13":0.3437891856,"14":0.1430768784,"15":-0.2564781632,"16":-0.4124266057,"17":-1.1073194912,"18":0.5543042491,"19":-0.2735707635,"20":1.2030400284,"21":-0.6433895472,"22":-0.7768492173,"23":0.163109,"24":0.1774232942,"25":-0.6573982104,"26":1.1441491983,"27":-0.1380795044,"28":-1.6185243743,"29":0.5421074069,"30":0.9328910131,"31":0.7871459326,"32":-0.0096682761,"33":-1.7579031948,"34":-0.0219019679,"35":-0.6783666205,"36":0.239303708,"37":-1.1822390265,"38":-0.0671806181,"39":-0.0749680565,"40":-0.4890648468,"41":1.3650478689,"42":0.7451015048,"43":-0.0124077034,"44":-0.839659364,"45":1.4888099666,"46":0.8062197273,"47":-0.8903859872,"48":1.0985798541,"49":-1.1065893944,"50":0.6512643257,"51":-0.7199120236,"52":-0.0046705979,"53":-2.1700014041,"54":-0.290954431,"55":-0.4643012026,"56":-0.0532304858,"57":2.19827727,"58":1.860807427,"59":-0.1538852093,"60":-0.7617200964,"61":-0.5810527346,"62":0.092112321,"63":-1.6535769606,"64":-0.5322050256,"65":0.2002764251,"66":0.3942088637,"67":-0.353559471,"68":1.0373899388,"69":3.0757520145,"70":-1.1972305209,"71":-0.6325503866,"72":0.676550653,"73":0.0922209145,"74":1.2844213743,"75":-0.0411243604,"76":-1.8816069145,"77":1.4325236984,"78":-0.2023957837,"79":0.0181885454,"80":-1.4934980113,"81":2.0576465833,"82":-0.8734412639,"83":-0.0533580445,"84":-1.1547576168,"85":-0.0227437257,"86":-0.5430484522,"87":2.0680305943,"88":0.2425810943,"89":-2.2406886045,"90":0.5510438753,"91":-1.0055417625,"92":0.1996065607,"93":0.2660702784,"94":-2.0887758455,"95":-0.6062694884,"96":-0.5687896016,"97":0.7058823879,"98":0.2328137524,"99":0.4611205818},"col4":{"0":-0.8510838872,"1":-0.602753539,"2":-1.4570664372,"3":-0.5752181364,"4":-0.2183809548,"5":0.7228548871,"6":-0.7314395832,"7":1.9380474842,"8":0.5918485372,"9":0.6414287875,"10":0.3892357584,"11":-0.1394254669,"12":-1.0941857104,"13":-1.2198575468,"14":0.5134539382,"15":-1.0062014356,"16":-1.3796781996,"17":0.134236117,"18":-0.0714081969,"19":-2.1223213739,"20":0.6396531212,"21":-0.2178397442,"22":-0.231982026,"23":0.8062040884,"24":0.8406775389,"25":0.0176125597,"26":0.6006537638,"27":0.397069803,"28":-0.3915005326,"29":1.4537390061,"30":-0.1356356609,"31":0.6203420961,"32":-0.6687236324,"33":0.2835309796,